﻿Designator,Footprint,Quantity,Value,LCSC Part #
"D1, D2",D_DO-41_SOD81_P10.16mm_Horizontal,2,1N4007,
"H1, H2, H3, H4",MountingHole_3.2mm_M3_DIN965_Pad,4,MountingHole,
"J1, J10, J11, J12, J13, J14, J15, J18, J19, J2, J3, J4, J5, J6, J7, J8, J9",ScrewTerminal,17,Screw_Terminal_01x03,
"K1, K2",Relay_SPDT_Omron_G5V-1,2,G5V-1,
"Q1, Q2",TO-92L_Inline,2,BC547,
"R1, R2",R_Axial_DIN0204_L3.6mm_D1.6mm_P5.08mm_Horizontal,2,1000,
"R3, R4",R_Axial_DIN0204_L3.6mm_D1.6mm_P5.08mm_Horizontal,2,2200,
U1,MODULE_ESP32-POE,1,ESP32-POE,
U3,DIP-28_W7.62mm,1,MCP23017_SP,
